{"lr": 0.0, "train_loss": 0.007857302483171225, "train_end_loss": 0.007857302483171225, "train_mlm_loss": 0.0, "train_link_loss": 0.0, "train_pos_link_loss": 0.0, "train_neg_link_loss": 0.0, "train_acc": 0.99609375, "ms_per_batch": 7253.882956504822, "_timestamp": 1696920473.6101036, "_runtime": 12290.310052633286, "_step": 1404, "dev_acc": 0.718, "dev_loss": 1.9834619844965469, "dev_end_loss": 1.9834619844965469, "dev_mlm_loss": 0.0, "dev_link_loss": 0.0, "dev_pos_link_loss": 0.0, "dev_neg_link_loss": 0.0, "best_dev_acc": 0.726, "best_dev_epoch": 32, "test_acc": 0.71, "test_loss": 1.985406956611797, "test_link_loss": 0.0, "test_pos_link_loss": 0.0, "test_neg_link_loss": 0.0, "test_end_loss": 1.985406956611797, "test_mlm_loss": 0.0, "final_test_acc": 0.708, "_wandb": {"runtime": 12284}}