{"lr": 0.0, "train_loss": 1.381316787895115, "train_end_loss": 1.381316787895115, "train_mlm_loss": 0.0, "train_link_loss": 0.0, "train_pos_link_loss": 0.0, "train_neg_link_loss": 0.0, "train_acc": 0.27832512315270935, "ms_per_batch": 24238.13145160675, "_timestamp": 1697068921.3408256, "_runtime": 77830.39154052734, "_step": 2400, "dev_acc": 0.2507861635220126, "dev_loss": 1.5103460402233795, "dev_end_loss": 1.5103460402233795, "dev_mlm_loss": 0.0, "dev_link_loss": 0.0, "dev_pos_link_loss": 0.0, "dev_neg_link_loss": 0.0, "best_dev_acc": 0.2806603773584906, "best_dev_epoch": 12, "test_acc": 0.25765907305577374, "test_loss": 1.459796968352954, "test_link_loss": 0.0, "test_pos_link_loss": 0.0, "test_neg_link_loss": 0.0, "test_end_loss": 1.459796968352954, "test_mlm_loss": 0.0, "final_test_acc": 0.25687352710133543, "_wandb": {"runtime": 77828}}