{"lr": 0.0, "train_loss": 0.2655512034893036, "train_end_loss": 0.2655512034893036, "train_mlm_loss": 0.0, "train_link_loss": 0.0, "train_pos_link_loss": 0.0, "train_neg_link_loss": 0.0, "train_acc": 0.8921875, "ms_per_batch": 7419.259786605835, "_timestamp": 1696845680.6851559, "_runtime": 14603.813131809235, "_step": 1474, "dev_acc": 0.7911547911547911, "dev_loss": 0.6798267834165261, "dev_end_loss": 0.6798267834165261, "dev_mlm_loss": 0.0, "dev_link_loss": 0.0, "dev_pos_link_loss": 0.0, "dev_neg_link_loss": 0.0, "best_dev_acc": 0.7911547911547911, "best_dev_epoch": 21, "test_acc": 0.7493956486704271, "test_loss": 0.8815225918566837, "test_link_loss": 0.0, "test_pos_link_loss": 0.0, "test_neg_link_loss": 0.0, "test_end_loss": 0.8815225918566837, "test_mlm_loss": 0.0, "final_test_acc": 0.7493956486704271, "_wandb": {"runtime": 14602}}