{"lr": 0.0, "train_loss": 0.0063976897858083245, "train_end_loss": 0.0063976897858083245, "train_mlm_loss": 0.0, "train_link_loss": 0.0, "train_pos_link_loss": 0.0, "train_neg_link_loss": 0.0, "train_acc": 0.99765625, "ms_per_batch": 7529.409575462341, "_timestamp": 1696875669.864348, "_runtime": 9468.116420984268, "_step": 952, "dev_acc": 0.700587084148728, "dev_loss": 2.188487332890033, "dev_end_loss": 2.188487332890033, "dev_mlm_loss": 0.0, "dev_link_loss": 0.0, "dev_pos_link_loss": 0.0, "dev_neg_link_loss": 0.0, "best_dev_acc": 0.700587084148728, "best_dev_epoch": 33, "test_acc": 0.7274509803921568, "test_loss": 1.80242662908872, "test_link_loss": 0.0, "test_pos_link_loss": 0.0, "test_neg_link_loss": 0.0, "test_end_loss": 1.80242662908872, "test_mlm_loss": 0.0, "final_test_acc": 0.7274509803921568, "_wandb": {"runtime": 9466}}